{
  "ret_1d": {
    "mean": 0.000624855713866233,
    "std": 0.010672533481688326
  },
  "ret_5d": {
    "mean": 0.003094135413118405,
    "std": 0.021941449628777036
  },
  "rsi_14": {
    "mean": 56.729195617183755,
    "std": 11.217028243041137
  },
  "sma_ratio": {
    "mean": 1.0054340677854758,
    "std": 0.023233677791444623
  },
  "vol_20d": {
    "mean": 0.00893240812311811,
    "std": 0.005988729271930657
  },
  "vol_ratio": {
    "mean": 1.0061351936356775,
    "std": 0.3589588527201542
  }
}