{
  "ret_1d": {
    "mean": 0.0006209542501592459,
    "std": 0.010668441039947761
  },
  "ret_5d": {
    "mean": 0.0030882490916741994,
    "std": 0.021933757045321984
  },
  "sma_ratio": {
    "mean": 1.0055200530959405,
    "std": 0.023200592927394792
  },
  "vol_20d": {
    "mean": 0.008917604477808832,
    "std": 0.005997302275632726
  },
  "vol_ratio": {
    "mean": 1.0058839771367936,
    "std": 0.3586881764591656
  },
  "rsi_14": {
    "mean": 56.77212440018693,
    "std": 11.20276003981885
  },
  "macd_hist": {
    "mean": 1.4646481197549827e-05,
    "std": 0.0033858350077245088
  },
  "bb_width": {
    "mean": 5.840380583956464,
    "std": 4.042828791570284
  },
  "obv_ret": {
    "mean": 0.0725337700735159,
    "std": 4.057691398326538
  },
  "adx": {
    "mean": 22.392269426088266,
    "std": 7.818450913785122
  },
  "adx_di_diff": {
    "mean": 0.023652338490199747,
    "std": 0.13350650659335014
  }
}