{
  "ret_1d": {
    "mean": 0.000620954288141953,
    "std": 0.010668438786543758
  },
  "ret_5d": {
    "mean": 0.003088249411241926,
    "std": 0.021933763322588083
  },
  "sma_ratio": {
    "mean": 1.0055200531835427,
    "std": 0.02320060077041509
  },
  "vol_20d": {
    "mean": 0.008917604886342275,
    "std": 0.005997297887876322
  },
  "vol_ratio": {
    "mean": 1.0058839771367936,
    "std": 0.3586881764591656
  },
  "rsi_14": {
    "mean": 56.77212184125389,
    "std": 11.202755281838133
  },
  "macd_hist": {
    "mean": 1.4646378545726393e-05,
    "std": 0.003385836459468906
  },
  "stoch_k": {
    "mean": 66.72090406962376,
    "std": 29.65380341075212
  },
  "stoch_d": {
    "mean": 66.72351303810564,
    "std": 27.27551794567894
  },
  "bb_width": {
    "mean": 5.8403835297585065,
    "std": 4.042828880081714
  },
  "bb_pct": {
    "mean": 0.6232308913688828,
    "std": 0.3184088387069212
  },
  "obv_ret": {
    "mean": 0.0725337700735159,
    "std": 4.057691398326538
  },
  "adx": {
    "mean": 22.395931122040057,
    "std": 7.803457452558857
  },
  "adx_di_diff": {
    "mean": 0.02392424899000352,
    "std": 0.13346353114741535
  },
  "psar_bull": {
    "mean": 0.6378848552703857,
    "std": 0.48069095611572266
  }
}