{
  "ret_1d": {
    "mean": 0.0006276716743824832,
    "std": 0.010564422737089931
  },
  "ret_5d": {
    "mean": 0.003109533371213594,
    "std": 0.02163973241710124
  },
  "sma_ratio": {
    "mean": 1.0055671079648716,
    "std": 0.02288328504193013
  },
  "vol_20d": {
    "mean": 0.0087570910485134,
    "std": 0.0060317033936357145
  },
  "vol_ratio": {
    "mean": 1.0066312584905872,
    "std": 0.3603992430396889
  },
  "rsi_14": {
    "mean": 56.86271828168624,
    "std": 11.095240688730053
  },
  "macd_hist": {
    "mean": -1.799132164019971e-05,
    "std": 0.0033404480849573977
  },
  "bb_width": {
    "mean": 5.7094998779502095,
    "std": 4.074436008457197
  },
  "obv_ret": {
    "mean": 0.08660754272821498,
    "std": 4.119121730900455
  },
  "adx": {
    "mean": 22.154436924023187,
    "std": 7.784267320564294
  },
  "adx_di_diff": {
    "mean": 0.026640251068638408,
    "std": 0.13189009676092428
  },
  "sma_200_dist": {
    "mean": 0.058261110717085576,
    "std": 0.053763583886368864
  },
  "drawdown_60d": {
    "mean": -0.023884837066886492,
    "std": 0.037672180291207946
  },
  "vol_regime": {
    "mean": 0.9643945254292178,
    "std": 0.27574692387228933
  },
  "ret_20d": {
    "mean": 0.01235889401986011,
    "std": 0.040216907776880376
  }
}